{
  "meta_title": "",
  "meta_description": "",
  "sections": [
    {
      "type": "banner-slider",
      "autoplay": 9000,
      "full_width": false,
      "slides": [
        {
          "start": "",
          "end": "",
          "img": "/img/uploads/xiaomibanner-2.jpg"
        },
        {
          "start": "",
          "end": "",
          "img": "/img/uploads/iphone2.jpg"
        },
        {
          "start": "",
          "end": "",
          "img": "/img/uploads/xiaomibanner.jpg"
        }
      ]
    },
    {
      "type": "info-bar",
      "enabled": true
    },
    {
      "type": "collection-shelf",
      "shuffle": true,
      "collection_id": null,
      "sort": "views",
      "title": "MAIS VENDIDOS",
      "headless": false,
      "limit": 12,
      "page": 1
    },
    {
      "type": "dynamic-showcase",
      "load_more": true,
      "sort": "sales"
    },
    {
      "type": "page-title",
      "title": "WORLD ELETRONICS",
      "description": "COMÉRCIO DE ELETRÔNICOS E DIGITAIS"
    }
  ]
}